iter	RMSE
0	0.01844622087
1	0.01794007988
2	0.01767864656
3	0.01735410102
4	0.01714818501
5	0.01683192226
6	0.01667024699
7	0.0164419091
8	0.01613910976
9	0.01589745157
10	0.01563910838
11	0.01541417036
12	0.01524542287
13	0.01503041497
14	0.01486668582
15	0.01470153676
16	0.01445662809
17	0.01428824578
18	0.01418716568
19	0.0140382273
